{
  "test": [-15.94, -15.80, 136.60, 136.70],
  "Albury": [-36.2404766, -35.9204766, 146.7562795, 147.0762795],
  "BadgerysCreek": [-35.8358653, -35.8301525, 149.9857421, 150.0054766],
  "Cobar": [-31.8267239, -31.1416205, 145.3925945, 146.1965024],
  "CoffsHarbour": [-30.4562407, -30.1362407, 152.9535293, 153.2735293],
  "Moree": [-29.7051634, -28.9053459, 149.3087539, 150.2458042],
  "Newcastle": [-33.0872881, -32.7672881, 151.6212534, 151.9412534],
  "NorahHead": [-33.2984094, -33.269093, 151.5525566, 151.5794837],
  "NorfolkIsland": [-29.0626787, -28.9953081, 167.9147193, 167.9965857],
  "Penrith": [-33.7640864, -33.7256168, 150.6617354, 150.7175595],
  "Richmond": [-21.667715, -19.471848, 142.038224, 143.790081],
  "Sydney": [-34.1732416, -33.3641481, 150.260825, 151.3427428],
  "SydneyAirport": [-33.9740292, -33.9259849, 151.1614895, 151.19555],
  "WaggaWagga": [-35.5636245, -34.8081185, 146.7787801, 147.9314555],
  "Williamtown": [-32.841403, -32.7805142, 151.772622, 151.8976439],
  "Wollongong": [-34.5843941, -34.2643941, 150.73385, 151.05385],
  "Canberra": [-35.4575906, -35.1375906, 148.9412676, 149.2612676],
  "Tuggeranong": [-35.5927874, -35.3605974, 149.0076862, 149.1627101],
  "MountGinini": [-35.5297696, -35.5296696, 148.7725845, 148.7726845],
  "Ballarat": [-37.7222632, -37.4022632, 143.7007215, 144.0207215],
  "Bendigo": [-36.9188767, -36.5988767, 144.1225931, 144.4425931],
  "Sale": [-38.147024, -38.065181, 147.009236, 147.132131],
  "MelbourneAirport": [-37.6929656, -37.6411826, 144.7977829, 144.869453],
  "Melbourne": [-37.9742176, -37.6542176, 144.8031608, 145.1231608],
  "Mildura": [-34.27277, -34.14871, 142.063238, 142.2039708],
  "Nhil": [-35.4796636, -35.4624315, 141.3036874, 141.3077831],
  "Portland": [-38.40652, -38.320566, 141.566768, 141.650214],
  "Watsonia": [-37.7160022, -37.7060022, 145.078635, 145.088635],
  "Dartmoor": [-37.9425444, -37.9025444, 141.2566551, 141.2966551],
  "Brisbane": [-27.6289682, -27.3089682, 152.8634991, 153.1834991],
  "Cairns": [-17.0806657, -16.7606657, 145.6121854, 145.9321854],
  "GoldCoast": [-28.1623731, -27.8423731, 153.2545987, 153.5745987],
  "Townsville": [-19.4169391, -19.0969391, 146.6639537, 146.9839537],
  "Adelaide": [-35.350296, -34.572242, 138.4281386, 138.8479091],
  "MountGambier": [-37.8550797, -37.7942924, 140.7374821, 140.8261967],
  "Nuriootpa": [-34.5051058, -34.4278265, 138.9416052, 139.0266526],
  "Woomera": [-31.2399142, -31.1599142, 136.7853532, 136.8653532],
  "Albany": [-35.1847822, -34.8647822, 117.723608, 118.043608],
  "Witchcliffe": [-34.0663348, -33.9863348, 115.0604768, 115.1404768],
  "PearceRAAF": [-31.6906223, -31.6559585, 116.0062508, 116.0310396],
  "PerthAirport": [-31.9635897, -31.9206196, 115.9500243, 115.9844053],
  "Perth": [-32.1127121, -31.7927121, 115.7004796, 116.0204796],
  "SalmonGums": [-33.0215347, -32.9415347, 121.6039417, 121.6839417],
  "Walpole": [-35.0176796, -34.9376796, 116.6910063, 116.7710063],
  "Hobart": [-42.891635, -42.873046, 147.31561, 147.341498]
}
